{"fill":{"alpha":1.0,"content":{"gradient":{"alpha":[1.0,1.0],"angle":90.0,"color":[[0.27450981736183167,0.027450980618596077,0.0117647061124444],[0.9647058844566345,0.8784313797950745,0.5921568870544434]],"mode":"character","percent":[0.0,1.0]},"render_type":"solid","solid":{"alpha":1.0,"color":[0.250980406999588,0.01568627543747425,0.0]},"texture":{"alpha":1.0,"angle":90.0,"blend":"no","flip":[false,false],"path":"","range":4,"scale":1.0}}},"inner_shadows":[{"alpha":1.0,"angle":110.32258064516128,"content":{"gradient":{"alpha":[1.0,1.0,1.0],"angle":90.0,"color":[[0.9725490212440491,0.9725490212440491,0.8274509906768799],[1.0,0.9725490212440491,0.8745098114013672],[0.9686274528503418,0.8588235378265381,0.5490196347236633]],"mode":"character","percent":[0.422566371681416,0.949115044247788,0.429203539823009]},"render_type":"gradient","solid":{"alpha":1.0,"color":[0.9725490212440491,0.9725490212440491,0.8274509906768799]},"texture":{"alpha":1.0,"angle":90.0,"blend":"no","flip":[false,false],"path":"","range":4,"scale":1.0}},"distance":2.639296187683284,"enable":true,"feather":0.0,"strokes":[]}],"shadows":[],"strokes":[{"alpha":1.0,"content":{"gradient":{"alpha":[1.0,1.0],"angle":90.0,"color":[[1.0,0.7215686440467834,0.11372549086809158],[1.0,0.43921568989753723,0.08235294371843338]],"mode":"character","percent":[0.0,1.0]},"render_type":"gradient","solid":{"alpha":1.0,"color":[1.0,0.7764706015586853,0.007843137718737125]},"texture":{"alpha":1.0,"angle":90.0,"blend":"no","flip":[false,false],"path":"","range":4,"scale":1.0}},"enable":true,"width":0.04},{"alpha":1.0,"content":{"gradient":{"alpha":[1.0,1.0],"angle":90.0,"color":[[1.0,0.8235294222831726,0.2078431397676468],[0.8980392217636108,0.20000000298023224,0.0]],"mode":"character","percent":[0.0,1.0]},"render_type":"gradient","solid":{"alpha":1.0,"color":[1.0,0.8235294222831726,0.2078431397676468]},"texture":{"alpha":1.0,"angle":90.0,"blend":"no","flip":[false,false],"path":"","range":4,"scale":1.0}},"enable":true,"width":0.05},{"alpha":1.0,"content":{"gradient":{"alpha":[1.0,1.0],"angle":90.0,"color":[[1.0,0.7921568751335144,0.2980392277240753],[0.772549033164978,0.0,0.0]],"mode":"character","percent":[0.0,1.0]},"render_type":"gradient","solid":{"alpha":1.0,"color":[0.772549033164978,0.0,0.0]},"texture":{"alpha":1.0,"angle":90.0,"blend":"no","flip":[false,false],"path":"","range":4,"scale":1.0}},"enable":true,"width":0.06}],"textable":false,"version":3.0}