{"fill":{"alpha":1.0,"content":{"gradient":{"alpha":[1.0,1.0],"angle":90.0,"color":[[1.0,1.0,1.0],[1.0,0.9960784316062927,0.7960784435272217]],"mode":"character","percent":[0.2013274336283186,0.8207964601769911]},"render_type":"gradient","solid":{"alpha":1.0,"color":[1.0,0.9960784316062927,0.7960784435272217]},"texture":{"alpha":1.0,"angle":90.0,"blend":"no","flip":[false,false],"path":"","range":4,"scale":1.0}}},"inner_shadows":[],"shadows":[{"alpha":1.0,"angle":-45.0,"content":{"gradient":{"alpha":[1.0,1.0],"angle":90.0,"color":[[1.0,1.0,1.0],[0.686274528503418,0.686274528503418,0.686274528503418]],"mode":"character","percent":[0.0,1.0]},"render_type":"solid","solid":{"alpha":1.0,"color":[0.7215686440467834,0.15294118225574493,0.13333334028720856]},"texture":{"alpha":1.0,"angle":90.0,"blend":"no","flip":[false,false],"path":"","range":4,"scale":1.0}},"distance":2.134897624184686,"enable":true,"feather":0.01253924514817935,"strokes":[]},{"alpha":1.0,"angle":-49.09090909090909,"content":{"gradient":{"alpha":[1.0,1.0],"angle":90.0,"color":[[1.0,1.0,1.0],[0.686274528503418,0.686274528503418,0.686274528503418]],"mode":"character","percent":[0.0,1.0]},"render_type":"solid","solid":{"alpha":1.0,"color":[0.9607843160629272,0.43529412150382996,0.09019608050584793]},"texture":{"alpha":1.0,"angle":90.0,"blend":"no","flip":[false,false],"path":"","range":4,"scale":1.0}},"distance":5.2404692082111115,"enable":true,"feather":0.0016666666666666666,"strokes":[]}],"strokes":[],"textable":false,"version":3.0}