{"fill":{"alpha":1.0,"content":{"gradient":{"alpha":[1.0,1.0],"angle":90.0,"color":[[1.0,1.0,1.0],[0.686274528503418,0.686274528503418,0.686274528503418]],"mode":"character","percent":[0.0,1.0]},"render_type":"solid","solid":{"alpha":1.0,"color":[0.9960784316062927,1.0,0.0117647061124444]},"texture":{"alpha":1.0,"angle":90.0,"blend":"no","flip":[false,false],"path":"","range":4,"scale":1.0}}},"inner_shadows":[{"alpha":1.0,"angle":-45.0,"content":{"gradient":{"alpha":[1.0,1.0],"angle":90.0,"color":[[1.0,1.0,1.0],[0.686274528503418,0.686274528503418,0.686274528503418]],"mode":"character","percent":[0.0,1.0]},"render_type":"texture","solid":{"alpha":1.0,"color":[0.9960784316062927,1.0,0.0117647061124444]},"texture":{"alpha":1.0,"angle":0.0,"blend":"solid","flip":[false,false],"path":"bb2e50939455ca15a2abe509312b4ac8","range":1,"scale":1.0}},"distance":0.0,"enable":true,"feather":0.0016666666666666666,"strokes":[]}],"shadows":[{"alpha":1.0,"angle":-45.0,"content":{"gradient":{"alpha":[1.0,1.0],"angle":90.0,"color":[[1.0,1.0,1.0],[0.686274528503418,0.686274528503418,0.686274528503418]],"mode":"character","percent":[0.0,1.0]},"render_type":"solid","solid":{"alpha":1.0,"color":[0.9529411792755127,0.3333333432674408,0.0235294122248888]},"texture":{"alpha":1.0,"angle":90.0,"blend":"no","flip":[false,false],"path":"","range":4,"scale":1.0}},"distance":2.0000002634808802,"enable":true,"feather":0.0,"strokes":[]},{"alpha":1.0,"angle":-45.0,"content":{"gradient":{"alpha":[1.0,1.0],"angle":90.0,"color":[[1.0,1.0,1.0],[0.686274528503418,0.686274528503418,0.686274528503418]],"mode":"character","percent":[0.0,1.0]},"render_type":"solid","solid":{"alpha":1.0,"color":[0.843137264251709,0.2235294133424759,0.21176470816135406]},"texture":{"alpha":1.0,"angle":90.0,"blend":"no","flip":[false,false],"path":"986143b7e72c71be103b4d54deb08a87","range":4,"scale":1.0}},"distance":4.333333333333087,"enable":true,"feather":0.0,"strokes":[]},{"alpha":1.0,"angle":-45.0,"content":{"gradient":{"alpha":[1.0,1.0],"angle":90.0,"color":[[1.0,1.0,1.0],[0.686274528503418,0.686274528503418,0.686274528503418]],"mode":"character","percent":[0.0,1.0]},"render_type":"solid","solid":{"alpha":1.0,"color":[0.7647058963775635,0.12156862765550613,0.10588235408067703]},"texture":{"alpha":1.0,"angle":90.0,"blend":"no","flip":[false,false],"path":"","range":4,"scale":1.0}},"distance":8.333333333333332,"enable":true,"feather":0.0016666666666666666,"strokes":[]},{"alpha":1.0,"angle":-45.899999999999864,"content":{"gradient":{"alpha":[1.0,1.0],"angle":90.0,"color":[[1.0,1.0,1.0],[0.686274528503418,0.686274528503418,0.686274528503418]],"mode":"character","percent":[0.0,1.0]},"render_type":"solid","solid":{"alpha":1.0,"color":[1.0,1.0,1.0]},"texture":{"alpha":1.0,"angle":90.0,"blend":"no","flip":[false,false],"path":"","range":4,"scale":1.0}},"distance":4.666666666666686,"enable":true,"feather":1.5789838572446671e-16,"strokes":[{"alpha":1.0,"content":{"gradient":{"alpha":[1.0,1.0],"angle":90.0,"color":[[1.0,1.0,1.0],[0.686274528503418,0.686274528503418,0.686274528503418]],"mode":"character","percent":[0.0,1.0]},"render_type":"solid","solid":{"alpha":1.0,"color":[1.0,1.0,1.0]},"texture":{"alpha":1.0,"angle":90.0,"blend":"no","flip":[false,false],"path":"","range":4,"scale":1.0}},"enable":true,"width":0.08799999999999993}]},{"alpha":1.0,"angle":-44.899999999999864,"content":{"gradient":{"alpha":[1.0,1.0],"angle":90.0,"color":[[1.0,1.0,1.0],[0.686274528503418,0.686274528503418,0.686274528503418]],"mode":"character","percent":[0.0,1.0]},"render_type":"solid","solid":{"alpha":1.0,"color":[0.4901960790157318,0.4901960790157318,0.4901960790157318]},"texture":{"alpha":1.0,"angle":90.0,"blend":"no","flip":[false,false],"path":"","range":4,"scale":1.0}},"distance":7.333333333333296,"enable":true,"feather":0.0016666666666666666,"strokes":[{"alpha":1.0,"content":{"gradient":{"alpha":[1.0,1.0],"angle":90.0,"color":[[1.0,1.0,1.0],[0.686274528503418,0.686274528503418,0.686274528503418]],"mode":"character","percent":[0.0,1.0]},"render_type":"solid","solid":{"alpha":1.0,"color":[0.9058823585510254,0.9058823585510254,0.9058823585510254]},"texture":{"alpha":1.0,"angle":90.0,"blend":"no","flip":[false,false],"path":"","range":4,"scale":1.0}},"enable":true,"width":0.10266666666666688}]}],"strokes":[{"alpha":1.0,"content":{"gradient":{"alpha":[1.0,1.0],"angle":90.0,"color":[[1.0,1.0,1.0],[0.686274528503418,0.686274528503418,0.686274528503418]],"mode":"character","percent":[0.0,1.0]},"render_type":"solid","solid":{"alpha":1.0,"color":[0.8745098114013672,0.3843137323856354,0.11764705926179886]},"texture":{"alpha":1.0,"angle":90.0,"blend":"no","flip":[false,false],"path":"","range":4,"scale":1.0}},"enable":true,"width":0.024000000000000226}],"textable":false,"version":3.0}